{"cameraMode":{"drawMode":0,"name":"Shaded","section":"Shading Mode"},"sceneLighting":false,"audioPlay":false,"sceneViewState":{"m_AlwaysRefresh":false,"showFog":true,"showSkybox":false,"showFlares":true,"showImageEffects":true,"showParticleSystems":true,"showVisualEffectGraphs":true,"m_FxEnabled":true},"in2DMode":false,"pivot":{"x":14.321000099182129,"y":16.118173599243165,"z":-12.008342742919922},"rotation":{"x":-0.024563368409872056,"y":0.058515291661024097,"z":-0.0012885937467217446,"w":-0.9980270266532898},"size":3.968367338180542,"orthographic":false}